contractSymbol,lastTradeDate,strike,lastPrice,bid,ask,change,percentChange,volume,openInterest,impliedVolatility,inTheMoney,contractSize,currency
AAPL261106C00210000,2026-09-25 17:01:31+00:00,210.0,130.56,130.9,134.45,0.0,0.0,19.0,19,0.6870148486328126,True,REGULAR,USD
AAPL261106C00225000,2026-09-25 17:47:11+00:00,225.0,116.25,116.0,119.0,0.0,0.0,2.0,2,0.543949873046875,True,REGULAR,USD
AAPL261106C00255000,2026-09-25 14:00:36+00:00,255.0,82.27,86.2,89.3,0.0,0.0,2.0,2,0.6140175317382813,True,REGULAR,USD
AAPL261106C00270000,2026-09-24 13:33:59+00:00,270.0,68.4,71.25,74.3,0.0,0.0,,1,0.51758294921875,True,REGULAR,USD
AAPL261106C00275000,2026-09-25 15:42:26+00:00,275.0,65.24,66.8,69.65,0.0,0.0,3.0,4,0.5071460418701172,True,REGULAR,USD
AAPL261106C00280000,2026-09-25 19:40:02+00:00,280.0,62.05,61.95,65.15,0.0,0.0,1.0,1,0.5015918981933594,True,REGULAR,USD
AAPL261106C00285000,2026-09-24 17:35:48+00:00,285.0,55.35,56.8,59.4,0.0,0.0,,3,0.42957113403320313,True,REGULAR,USD
AAPL261106C00290000,2026-09-25 19:11:31+00:00,290.0,52.3,52.3,55.15,0.0,0.0,49.0,52,0.4357356231689453,True,REGULAR,USD
AAPL261106C00295000,2026-09-24 18:05:06+00:00,295.0,45.0,47.6,50.15,0.0,0.0,,4,0.40296007202148443,True,REGULAR,USD
AAPL261106C00300000,2026-09-28 13:30:00+00:00,300.0,43.4,42.45,45.5,0.6100006,1.4255681,2.0,1,0.38471074279785156,True,REGULAR,USD
AAPL261106C00305000,2026-09-28 13:30:01+00:00,305.0,39.0,37.95,41.3,-0.45000076,-1.1406863,10.0,29,0.3807434973144531,True,REGULAR,USD
AAPL261106C00310000,2026-09-28 13:30:29+00:00,310.0,36.18,33.6,36.5,3.630001,11.152078,2.0,15,0.3522403643798828,True,REGULAR,USD
AAPL261106C00315000,2026-09-25 19:40:07+00:00,315.0,30.3,29.25,32.2,0.0,0.0,15.0,26,0.3379582806396484,True,REGULAR,USD
AAPL261106C00320000,2026-09-28 13:30:29+00:00,320.0,27.74,25.15,28.05,2.0300007,7.895763,2.0,11,0.3242865423583984,True,REGULAR,USD
AAPL261106C00325000,2026-09-25 16:58:11+00:00,325.0,21.6,21.7,24.5,0.0,0.0,9.0,12,0.3220282641601562,True,REGULAR,USD
AAPL261106C00330000,2026-09-25 19:49:54+00:00,330.0,19.23,17.55,20.3,0.0,0.0,14.0,20,0.2981027221679687,True,REGULAR,USD
AAPL261106C00335000,2026-09-25 19:19:41+00:00,335.0,16.0,14.7,17.35,0.0,0.0,10.0,13,0.29895720581054686,True,REGULAR,USD
AAPL261106C00340000,2026-09-28 13:30:28+00:00,340.0,13.85,12.25,13.75,1.2300005,10.798951,1.0,74,0.2786021847534179,True,REGULAR,USD
AAPL261106C00345000,2026-09-28 13:30:28+00:00,345.0,11.25,8.95,11.25,0.75,7.142857,2.0,89,0.2763439065551757,False,REGULAR,USD
AAPL261106C00350000,2026-09-28 13:32:27+00:00,350.0,8.7,7.75,9.2,0.80999994,10.266159,3.0,143,0.2771678729248046,False,REGULAR,USD
AAPL261106C00355000,2026-09-28 13:30:28+00:00,355.0,6.95,5.85,7.3,0.5,7.7519383,49.0,71,0.2745433874511719,False,REGULAR,USD
AAPL261106C00360000,2026-09-28 13:30:00+00:00,360.0,4.55,3.95,5.5,-0.18999958,-4.00843,7.0,21,0.2670666555786133,False,REGULAR,USD
AAPL261106C00365000,2026-09-25 19:52:06+00:00,365.0,3.7,3.35,4.5,0.0,0.0,93.0,80,0.2732616619873046,False,REGULAR,USD
AAPL261106C00370000,2026-09-28 13:30:01+00:00,370.0,2.5,2.32,3.5,-0.099999905,-3.8461504,1.0,19,0.27387200744628903,False,REGULAR,USD
AAPL261106C00375000,2026-09-25 19:58:29+00:00,375.0,1.86,1.64,2.57,0.0,0.0,128.0,84,0.27008786560058595,False,REGULAR,USD
AAPL261106C00380000,2026-09-25 19:58:29+00:00,380.0,1.32,1.07,1.71,0.0,0.0,82.0,101,0.2606275109863281,False,REGULAR,USD
AAPL261106C00385000,2026-09-25 18:33:18+00:00,385.0,0.95,0.76,1.6,0.0,0.0,7.0,8,0.27808339111328123,False,REGULAR,USD
AAPL261106C00390000,2026-09-25 18:43:06+00:00,390.0,0.71,0.5,0.94,0.0,0.0,16.0,19,0.26319096191406255,False,REGULAR,USD
AAPL261106C00395000,2026-09-25 19:03:39+00:00,395.0,0.64,0.33,0.95,0.0,0.0,20.0,22,0.28321029296874994,False,REGULAR,USD
AAPL261106C00400000,2026-09-25 17:37:48+00:00,400.0,0.42,0.0,0.0,0.0,0.0,6.0,7,0.12500875,False,REGULAR,USD
AAPL261106C00405000,2026-09-24 19:33:02+00:00,405.0,0.24,0.1,0.67,0.0,0.0,,4,0.29846892944335934,False,REGULAR,USD
